"","pval1","pval2","pval3","pval4"
"1",1.8412637499596e-44,6.57581698939255e-67,3.30597952185351e-65,1.17172119502345e-65
"2",1.88245755777728e-44,6.28077087257372e-67,3.70848546157794e-65,1.16060964681332e-65
"3",9.79228388520391e-45,3.61915920187756e-67,1.21125044283012e-64,4.78897107115471e-65
"4",9.35109268840363e-44,3.08887902314154e-68,5.58509686414722e-65,1.01244458743479e-65
"5",6.75864539568272e-44,3.37417135646996e-68,3.91322306105527e-65,2.52899333900927e-66
"6",7.15283706545912e-44,2.89151728474363e-68,4.80850346844131e-65,2.8650327675534e-66
"7",4.55928306127384e-44,2.47596803814126e-68,3.08315497431892e-65,2.3450355917069e-66
"8",4.00704445622941e-45,4.40914473627977e-69,3.90137840934778e-65,7.69134718823462e-66
"9",3.3312862524068e-45,7.16957751023819e-69,3.18358500094657e-65,7.07295867856338e-66
"10",3.94640752998568e-45,5.89601157708782e-69,3.0201918914227e-65,5.48301178021387e-66
"11",2.31838843762191e-45,9.57500095142297e-69,1.74498112984095e-65,3.45669287682355e-66
"12",2.45761535742387e-45,1.40391516876461e-68,1.54529874298355e-65,5.04348689594439e-66
"13",1.0102627064129e-45,1.48525912033613e-68,7.81614292136824e-66,4.98558864856303e-66
"14",1.89193503756481e-45,9.03364103609188e-69,1.05865663505397e-65,3.04831243324324e-66
"15",1.58356326196806e-45,8.63253286781161e-69,8.59051499779879e-66,2.25061695919569e-66
"16",2.32511868795524e-45,1.56095370902296e-68,1.28703086663166e-65,2.36257955586748e-66
"17",1.5395200746583e-45,1.03627132351536e-66,1.36791936137812e-65,2.52599344067151e-65
"18",2.90537238002876e-45,8.39395873244246e-67,8.93538914185333e-66,2.46413010836558e-65
"19",3.17195853264234e-45,1.14260399270045e-66,7.30350956946404e-66,2.23427463026544e-65
"20",4.12357088821046e-45,4.52336338395005e-66,8.66690585443138e-66,1.57386278167329e-65
"21",5.02185671454195e-45,1.70359076667421e-66,5.60234643094279e-66,8.74157007812411e-66
"22",5.08635616525991e-45,4.78551853045343e-66,6.94957929631353e-66,3.481832568111e-65
"23",7.88504598190264e-45,2.40185768547447e-66,6.24779003552504e-66,2.68880353256374e-65
"24",1.0623226517881e-45,3.28451284962554e-66,3.68842282169993e-66,1.33197524555691e-65
"25",1.08189525244805e-45,4.3449862102625e-66,2.30659103158636e-66,9.76852449841735e-66
"26",3.79718821664702e-46,3.60891698502004e-66,1.05050847645169e-66,4.19571214639568e-66
"27",6.87158472992542e-47,2.97588960101882e-67,8.91263192590112e-68,4.37976241349316e-66
"28",8.96434268224321e-47,5.74150042110413e-66,1.26803619120936e-67,5.66696494527202e-66
"29",2.14568770764353e-47,1.59498084673671e-66,3.04838313566111e-68,1.56917774436041e-66
"30",4.81971321447827e-49,2.93816472449838e-67,3.4644576848236e-69,1.92232660881921e-65
"31",8.85043359945481e-50,4.65199541827664e-68,4.77743908059697e-70,2.05119184442654e-65
"32",1.25095823370569e-49,9.08003793642023e-68,9.98794247388729e-70,3.34105219452328e-65
"33",4.53639694242784e-51,9.46988210921608e-69,7.54989009567923e-71,2.17787669252677e-66
"34",9.05984306802182e-58,7.93173356567981e-72,1.12429032612816e-75,6.7488808479549e-71
"35",1.31532310167857e-57,1.307344808671e-72,7.83208407048297e-76,3.76624001682282e-70
"36",8.98144519893576e-58,2.67054734293756e-72,1.56683939881178e-80,1.83637208212391e-70
"37",5.55993943070749e-61,8.213315954354e-76,1.6663569851488e-82,3.77222892440041e-73
"38",5.81510283968691e-61,1.90182344606171e-75,3.38812672213652e-82,3.01126907067564e-73
"39",8.20876023572494e-59,1.89412079872509e-77,2.9651472359858e-79,1.3949528476885e-72
"40",5.79623859612871e-62,1.09576530609117e-79,2.18737293254018e-82,2.45335315822007e-73
"41",1.35339840987932e-62,2.96925438022374e-80,3.29788013091891e-83,3.96249655313539e-74
"42",1.15629386955757e-65,4.31700562270333e-82,1.31900567055319e-84,1.63251744874518e-74
"43",6.08681985587339e-66,2.21850062629414e-79,8.58705087753089e-81,2.56028899568672e-72
"44",3.27534557784897e-68,6.96783380286694e-81,5.62290710451122e-82,1.80622979769204e-72
"45",1.49958134941931e-67,1.21526160204553e-80,3.79584853282085e-82,1.00631001096632e-72
"46",2.29879498668792e-76,2.27209169318024e-88,2.372755639984e-85,9.96705426271125e-73
"47",2.40151794500634e-78,1.51945036955226e-90,3.02426655039153e-87,3.81892727879004e-74
"48",2.29678475019856e-77,3.78906221152797e-91,8.05864317058068e-88,2.19778774223213e-74
"49",5.72665729805866e-77,1.71010408222968e-90,1.68854842518115e-87,2.85770945500107e-74
"50",7.10291110540588e-77,1.45495231790519e-90,3.00323722681983e-87,7.80998290798394e-75
"51",4.40139641298545e-76,4.5669961966053e-90,3.28908383660133e-87,5.39951556961095e-75
"52",2.53268694018448e-76,8.69543335366548e-90,9.33992052795058e-88,7.66248816502532e-76
"53",5.78461580585243e-78,4.33450462087234e-90,2.29289693971907e-87,2.1296933832126e-76
"54",5.17050219764149e-78,3.72328175054797e-90,2.11567926642268e-87,1.50362140040402e-76
"55",3.54986046321991e-77,2.59472186873126e-91,8.47637771654686e-89,2.52636273409507e-77
"56",4.90707535831825e-77,1.02002857713465e-91,1.03423617234097e-88,2.08931172295451e-77
"57",4.24509924282971e-77,1.45292250787914e-91,1.62928274540655e-88,1.59781803425554e-77
"58",3.72377259564141e-77,7.63807325817929e-92,2.13936526204023e-88,9.60361806686608e-78
"59",1.17448094543137e-77,4.53430241008872e-92,6.10919607707445e-89,4.47749236844344e-77
"60",6.32139197554121e-79,7.87375019478292e-93,3.27099563397382e-89,4.86675076498395e-79
"61",7.68838697504592e-80,5.58389866973001e-94,2.18244223016796e-89,3.97059684159058e-79
"62",4.82225197845252e-80,5.4372079500641e-94,5.50173916709309e-89,1.25011451192276e-79
"63",2.44184540554259e-80,4.99248283991259e-94,1.74913655390973e-89,1.16839014797598e-79
"64",4.96062700481383e-80,2.29831144063002e-94,1.62322092454248e-89,2.08171303917226e-79
"65",6.54986216835148e-80,2.31631275785368e-94,1.73520563368541e-89,2.13147054445164e-79
"66",1.79917246029098e-80,1.47808088853194e-94,1.2721790801565e-89,1.46057077556483e-79
"67",9.66371320499611e-81,1.04117935695777e-94,3.06099235302539e-89,9.71644078126571e-80
"68",4.75129813037625e-80,2.51420493472294e-94,2.76977322589574e-89,7.15822768864494e-80
"69",3.12185189154908e-80,4.19381256579942e-94,9.66936014096019e-89,2.07020919505799e-79
"70",5.5512644639763e-81,8.4043436514771e-95,1.50889005116946e-89,6.0828547359895e-80
"71",1.0409881374006e-79,4.33725279280313e-95,8.84502993432402e-90,9.74507533267359e-81
"72",1.05905004657251e-79,6.06567274713586e-95,1.22608389678409e-89,6.26805557458898e-81
"73",2.64604255633197e-79,6.9242021914406e-95,9.32011088918238e-90,1.15749514976584e-81
"74",4.3708493318314e-79,6.68287543189682e-95,1.02188389731972e-89,1.108485446901e-81
"75",3.7722168776066e-79,6.30802683393722e-95,1.09259835345814e-89,1.37218374074509e-81
"76",2.81227047704357e-79,5.10676618807944e-95,8.53968332632459e-90,6.83535207334391e-82
"77",2.49696795003006e-79,4.20352880969477e-95,8.45814423098465e-90,9.56855428809754e-82
"78",4.77912578562431e-79,4.56989939127428e-95,7.56220202446511e-90,7.84678068690432e-82
"79",1.14542406095262e-78,1.27116691300683e-94,1.65802046164783e-89,1.52078574783928e-81
"80",7.71129666256299e-79,4.0857299853037e-94,3.50053231336456e-89,2.75452297274456e-81
"81",2.29888189596983e-79,9.05406434232883e-95,1.29570990005659e-90,1.62095693890936e-82
"82",1.253074737288e-80,4.00689207332769e-96,6.81058097524797e-92,4.88483358195596e-84
"83",7.09801396387602e-81,4.39672139260836e-96,1.20733863786491e-91,8.13773506702184e-84
"84",2.35654482891642e-83,8.97711851489246e-103,7.56837185709163e-100,1.37701222192136e-86
"85",5.30049289232744e-83,4.8847010783133e-103,4.37457069169594e-100,1.7187735864582e-86
"86",7.74808395608158e-82,6.16586058246965e-102,4.2455256283316e-99,5.96889753265004e-86
"87",3.34873010748254e-82,7.53773743257262e-102,4.37528087252116e-99,7.14043382109732e-86
"88",5.29199958255364e-81,4.37642172778636e-100,3.20499185482519e-99,1.10271036921083e-87
"89",4.94820272603923e-81,2.13927548230238e-101,4.09720215646686e-100,2.24316298960078e-88
"90",5.94235044297606e-80,8.12355701465015e-101,2.82735989469824e-99,2.82938915893191e-88
"91",6.54942173256116e-81,2.88524420128339e-102,4.08928044197035e-100,1.11418356817921e-88
"92",4.68938564607579e-81,2.30137499746779e-102,5.96483100916165e-100,1.53147781052809e-88
"93",6.6614083326274e-80,1.40221914136932e-102,5.09024021488385e-100,3.6366831868285e-89
"94",3.84140195603133e-80,1.07590773265331e-102,3.10633212672356e-100,2.21551049129615e-89
"95",4.65869144397892e-80,9.46450453861431e-103,4.16063202516224e-100,3.24991568638297e-89
"96",3.71121450304863e-80,7.22473380915063e-103,8.98814606828911e-101,1.79064562629181e-89
"97",1.53636781246861e-81,1.3710174096878e-104,1.71687320038506e-101,1.23876690010721e-90
"98",1.64818491096138e-81,9.25416102617527e-105,8.08509697105297e-102,3.95796984133944e-91
"99",8.76169385391577e-82,3.33153065344089e-105,5.53105953080217e-102,5.02066499926756e-91
"100",8.94576485826236e-82,3.17382842093905e-104,1.30430943599075e-101,8.04735837976324e-90
"101",8.55095563854765e-82,3.2003543910887e-104,1.05556277595208e-101,3.60451647261258e-90
"102",3.5301590393369e-81,7.12280016680962e-104,2.47044502039818e-101,1.15106334336642e-90
"103",2.23054715350871e-81,4.64069949348698e-104,2.021092782204e-101,1.60197774212524e-91
"104",5.12408503909265e-81,3.79588907214256e-104,1.05483056312663e-101,8.98597364813898e-92
"105",9.84510818822225e-81,5.20800648654461e-104,2.30748523983702e-102,7.73838558971889e-92
"106",2.38769754309032e-81,1.09035485574818e-104,6.54743703422931e-103,1.16409750353132e-93
"107",1.38979096842705e-81,6.54404322910296e-105,6.59008442815164e-103,1.18576873616166e-93
"108",1.69561290989207e-81,4.99129295579755e-105,6.8071805575663e-103,1.32821256529981e-93
"109",4.00044186688397e-81,2.69162347974854e-104,3.43597987085028e-102,5.96211288559722e-93
"110",1.23488066737553e-80,1.11446873655135e-103,1.13573472257189e-101,1.21603919577664e-92
"111",1.71776350816814e-80,1.47649166172854e-103,5.78670295402171e-102,1.59879345323595e-92
"112",4.53924368970166e-81,8.09960283480239e-104,5.87662225088287e-102,1.60022349364113e-92
"113",2.24679635116297e-81,2.66371474850664e-105,1.91712433168602e-102,2.56397921373178e-93
"114",1.56595464942909e-81,2.80837065850245e-105,2.15234780331018e-102,2.63633757285674e-93
"115",4.52463823030476e-81,1.45430249849559e-105,1.87594886366783e-102,2.92759943132542e-93
"116",7.69428508676425e-81,2.06694451812423e-105,9.80724523278131e-103,8.59532328751352e-93
"117",1.27709230899284e-80,2.85393672629752e-105,6.89011885019686e-102,3.34892976316232e-92
"118",1.06378534310126e-80,1.54997861586733e-105,3.91409541297346e-102,2.17141645082587e-92
"119",3.83647387930081e-80,3.19905529192222e-106,1.02923335441703e-101,1.75340414479899e-92
"120",8.88410750569776e-80,6.65952561468545e-106,3.37436819336203e-101,4.88711151206669e-92
"121",1.14730552042265e-79,5.48967567279641e-106,2.32647891345148e-101,3.21438614975268e-92
"122",1.12290927058029e-79,4.35132988321512e-106,1.41898515286229e-101,2.84740570667357e-92
"123",4.92733832020159e-79,2.50098328890256e-105,2.63113325455332e-101,9.09526621265277e-92
"124",2.50139474228855e-79,2.03965250148391e-105,3.07111360421466e-101,1.04048732419391e-91
"125",1.30687750087341e-79,8.13104409706211e-106,1.38000417998958e-101,4.38055313641482e-92
"126",1.12121999401599e-79,5.83399165984627e-106,2.90655716356026e-101,1.64661684133839e-92
"127",2.09886982363761e-79,4.47626328608724e-106,3.28182197007126e-101,1.52803229230296e-92
"128",3.04865022517328e-79,6.11485728326286e-106,2.66432236086939e-100,1.28817093554301e-92
"129",7.52749906227147e-79,8.41372587959585e-106,3.55095010312201e-100,4.66846524146734e-93
"130",4.34629110167897e-79,7.01097009437285e-107,6.03690072681285e-101,2.93802823173989e-93
"131",2.88423468129e-79,2.35326626087159e-107,6.17380843403609e-101,2.08509845397337e-93
"132",4.17168584405456e-79,1.49314512631675e-107,4.51716358557943e-101,1.2598155078703e-93
"133",4.02980059392471e-79,1.86865782087686e-107,4.11482747256311e-101,1.76234074141019e-93
"134",3.61338008863008e-79,1.66512721472369e-107,5.27948154280047e-101,1.97453884261213e-93
"135",5.64322515671694e-79,1.52199147310963e-107,4.94067942053128e-101,1.87206953623298e-93
"136",3.58702964492622e-79,1.23247496520707e-107,5.10187442004848e-101,4.23814149443035e-94
"137",1.81478323531552e-79,3.42816194871738e-107,3.80852688064441e-101,2.07871971583543e-94
"138",1.72917319499202e-79,2.44206605514542e-107,6.7844516169012e-101,2.42848575781869e-94
"139",9.9622492837065e-80,6.78811307771268e-108,5.30573574793245e-101,3.10937980434856e-94
"140",1.84503059677181e-79,5.23368119116256e-107,1.13560508733893e-100,6.92603390124272e-94
"141",1.69864348498267e-79,3.51939875657978e-107,7.36203805454937e-101,7.54619551086837e-94
"142",1.75598991487974e-79,2.65152272895487e-107,4.81698102819807e-101,5.5113729270935e-94
"143",1.89752841224704e-79,4.31497146678224e-107,3.35972202917184e-101,1.02843018014129e-93
"144",1.97181679660012e-79,5.62393699206542e-107,3.86631171727175e-101,9.66633551415083e-94
"145",1.79503707602586e-78,1.24719856234922e-106,4.37471993340523e-101,1.30909367059882e-93
"146",1.30421435830716e-78,1.09752010505733e-106,4.28424330218572e-101,1.26128685724255e-93
"147",2.47750927833089e-79,2.27574254795508e-107,1.12726625585289e-101,8.98367456526372e-94
"148",1.00335043391771e-79,1.08330887908032e-105,3.08625080608142e-100,1.74922912827847e-91
"149",2.24952403096245e-80,3.89943919877011e-106,7.66102073150787e-100,1.85317305379241e-91
"150",3.57055602984122e-80,5.0543776542175e-106,7.66946641663587e-100,7.13148814595066e-91
"151",3.03279059032416e-80,1.35816088825646e-106,8.56649604461116e-100,2.43505552147645e-91
"152",7.7624827641591e-80,4.83436366598461e-106,1.80155078849596e-100,6.05795847685646e-91
"153",5.13861357311788e-80,1.34944416177206e-106,1.01228990397709e-100,7.70164745546784e-91
"154",3.15521812734896e-80,4.32625760747396e-107,5.03292684222467e-101,3.36353344846045e-91
"155",6.60447758148761e-84,8.53823985550217e-109,2.02454626916329e-102,4.65213337831523e-92
"156",1.08009999729381e-84,1.47490805138789e-108,5.61753959773006e-102,2.96325893259488e-92
"157",3.65669985527074e-85,7.38718265364598e-110,1.12088331327066e-102,1.15876435957667e-92
"158",2.20585079324331e-85,2.48696925882412e-110,9.67856449117111e-103,7.3842665379278e-93
"159",6.01322187358423e-86,2.404498767092e-110,1.41957058137471e-102,7.29739263793471e-93
"160",5.40335402353194e-86,2.51585588623164e-110,1.25729492473224e-102,3.68863076795369e-93
"161",2.17092853832499e-85,1.75898321707109e-110,1.71041637259018e-102,1.48817498381521e-93
"162",1.62050582124852e-85,2.57016307370702e-110,1.92105550868737e-102,7.93554038312109e-94
"163",1.24755092338602e-85,1.59702773962897e-109,1.27419984724172e-102,4.20484664039008e-92
"164",4.75489658826834e-85,7.90394888705031e-110,3.37620799832585e-102,1.0239753810579e-91
"165",3.18658328956978e-85,1.07023766035655e-109,2.2213224334697e-102,9.01312742437081e-92
"166",1.04348740819476e-85,3.29329069977788e-110,6.82751700616625e-103,2.86657272218838e-92
"167",5.24798693270592e-86,3.13130275762174e-110,5.81080091560092e-103,2.85366538321932e-92
"168",4.36780572115473e-86,4.42332562957139e-110,8.09476488138139e-103,4.19931688983008e-92
"169",2.45721859533861e-86,6.4909624024672e-110,1.82761368394195e-102,7.62099235097041e-92
"170",2.29594250426925e-87,5.00184877642694e-110,2.42473455844797e-102,2.22965414795419e-91
"171",1.73246098817064e-87,4.05412400342667e-110,3.37298372893373e-102,2.0386233366129e-91
"172",1.03456653068414e-87,4.74838051949119e-110,2.17472170160589e-102,5.41857548240578e-92
"173",8.00128710008526e-88,6.80192145659534e-110,1.95340751804028e-102,7.20060225172887e-92
"174",5.00659562772102e-88,1.5745561365948e-109,1.61064501260126e-102,9.95691555786643e-93
"175",7.9414001851568e-89,2.87136774814677e-109,6.55442950660429e-102,2.24697918961393e-92
"176",8.26071472447848e-89,2.62631180761447e-109,5.14354440044205e-102,2.58281051663918e-92
"177",5.5314666881306e-89,1.92786557508844e-109,4.47729350717271e-102,2.70927659856127e-92
"178",2.17654414114127e-89,2.55920115415732e-109,3.17945343463169e-102,1.79168012675089e-92
"179",1.93376179250825e-89,2.66905882195384e-109,3.21254885768348e-102,1.54638362989112e-92
"180",1.21292738097144e-89,1.18435132794499e-109,1.76105655949062e-102,3.25551361550596e-93
"181",6.11525216962237e-90,2.58823897003865e-109,2.97394368850373e-102,5.96188466047677e-93
"182",1.00758185954837e-89,2.45897602941653e-109,2.59686942949075e-102,5.65100174023298e-93
"183",8.25661567702676e-90,4.77907495058379e-109,9.62635371407626e-102,2.28111407069094e-92
"184",7.27067361045586e-90,4.91242821576874e-109,9.60645429343266e-102,2.72499124637596e-92
"185",8.38435400052779e-90,6.41808950165984e-109,4.82809914795414e-102,1.67447274250866e-92
"186",1.29095920384936e-89,8.93623448484963e-109,5.19780549650979e-102,1.54128671877508e-92
"187",4.6136320787883e-90,6.29373259726504e-109,7.77683762976645e-102,1.80080245324995e-92
"188",1.08395442751193e-89,1.58303306013586e-108,1.94320604990175e-101,5.94076704958296e-92
"189",1.86273247856167e-89,2.07664497566949e-108,1.70084929195055e-100,8.42522301034936e-92
"190",2.02796007931166e-90,1.04872080638982e-108,1.9234717090006e-100,3.05242615800889e-92
"191",1.58395580571199e-90,2.46831696872125e-109,3.42219997961771e-100,5.99610173791942e-92
"192",3.16060544083255e-92,2.59469623012356e-110,6.55294024383607e-101,2.74208566957518e-92
"193",1.55208148777225e-92,1.27526945477166e-110,7.58682997656026e-101,1.83000113965423e-92
"194",1.75503479937795e-92,2.64211318565426e-110,7.40230647720142e-101,2.06740570928178e-92
"195",3.93756557288051e-93,7.27298078177386e-110,2.60557403623628e-101,7.20183960431018e-93
"196",3.5299531074508e-93,7.26602614307763e-110,3.36596635973978e-101,5.66588408873893e-93
"197",2.5627656637459e-93,1.76433713673956e-109,2.67690770025335e-101,3.75380551386055e-93
"198",3.16962060329303e-93,2.69099199896754e-109,3.90288511356269e-101,2.58027568994695e-92
"199",2.11377814832915e-93,5.01605166293357e-109,5.12021803518104e-101,2.62224078986951e-92
"200",1.88160630506649e-93,7.08846459254723e-109,5.16734042617053e-101,2.27972363542290e-92
"201",2.17384048253723e-93,8.08466926097635e-109,5.42748419075731e-101,3.43856300150387e-92
"202",1.97053012709793e-93,9.58451288303731e-109,2.97093235577451e-101,4.48969543436979e-92
"203",1.92066668096519e-93,7.44345722362747e-109,3.68674955064617e-103,3.38223374878759e-92
"204",4.77819759968941e-93,9.96029968385431e-109,6.09920765011796e-103,1.73865000937833e-92
"205",1.23286532542075e-92,8.14261390172866e-109,5.80822444072559e-103,4.43190140036504e-93
"206",2.35264661647099e-92,9.77638469089873e-108,1.34150712489639e-102,5.33566600235377e-93
"207",1.13707569018347e-92,9.70644067318901e-107,6.26869377093213e-103,2.55744805407163e-93
"208",2.6919697247537e-92,1.54182086411496e-106,1.35649841477447e-102,2.84340603697201e-93
"209",1.06828837639521e-93,3.60984703675383e-107,4.49013809295651e-103,4.50023734744677e-96
"210",2.29527600042278e-94,9.05658374926496e-108,5.38786070959352e-103,2.79349706342344e-96
"211",3.42611423768403e-94,1.15946834707607e-107,6.09134780093685e-103,2.40311880803369e-96
"212",3.0331845257708e-94,2.41857433810189e-107,6.78955796258189e-103,2.35031341557284e-96
"213",1.4245917492704e-94,4.87539824563732e-107,2.29064220110405e-102,6.392338927549e-96
"214",8.98161246038209e-95,3.7996769415573e-107,3.49877666659231e-102,1.20818832493479e-96
"215",8.04113530111725e-95,3.25323674534788e-107,3.72043370562816e-102,7.92172335485888e-97
"216",2.05281071863454e-94,6.41777610050196e-107,1.20397280940917e-101,1.14104056892493e-96
"217",1.07742384488687e-93,8.63111180692604e-107,1.29255836565727e-101,1.44751339237041e-96
"218",7.22886347530161e-94,8.75718350903999e-107,6.67422666618458e-101,3.60333398348017e-96
"219",7.75574925053551e-94,7.91534699391503e-107,6.7881498914898e-101,4.008597332612e-96
"220",1.76281329927298e-94,9.19642077209755e-107,9.16338428847473e-101,2.75711187934985e-97
"221",1.71928282379563e-94,4.28331614264099e-107,1.48393308516529e-100,2.82135874356762e-97
"222",1.24291259658264e-93,3.39952419572624e-107,1.09261617088929e-99,8.57175982781691e-97
"223",1.3669248011146e-93,8.30317000271529e-106,2.06355715904448e-99,2.56638361663707e-96
"224",1.92262705758976e-94,1.54874969435861e-105,4.89784435090893e-100,5.26370564491947e-97
"225",2.37296050950965e-94,2.09674250383626e-105,5.02115833634198e-100,5.41032130122603e-97
"226",2.52830719019207e-94,1.12199826725015e-105,2.70401230151795e-100,2.63707159760104e-97
"227",2.62679160375889e-94,7.67887847955984e-106,2.0916674380556e-100,1.766938027436e-97
"228",2.72272679011077e-94,9.00667565861574e-106,1.6943859270304e-100,8.98710260983971e-98
"229",4.62733985844521e-94,2.33976327805346e-106,9.57232351870833e-101,3.54737881874826e-98
"230",3.95777776298473e-93,3.88105083883466e-106,1.50593582860216e-100,3.6378823528556e-98
"231",1.81044479473379e-93,2.06969775799013e-106,3.33338855800594e-100,2.33347068229644e-98
"232",2.12351999966304e-93,1.72056060315994e-106,8.46069389977815e-100,7.01409554237425e-98
"233",1.71207287138834e-93,7.29955612658408e-107,1.00778843991994e-99,1.4060624051618e-97
"234",1.18875564116704e-94,2.73572988970963e-107,3.61207991238168e-100,2.98323947570306e-97
"235",1.30613906850192e-93,2.86811851374139e-107,3.95196764113375e-100,2.81812264827238e-97
"236",7.37626459023011e-93,1.4927999009214e-107,4.58437336453429e-100,2.289257610605e-97
"237",1.05485527403872e-92,1.5133758413452e-107,5.25343359302313e-100,2.45333394433212e-97
"238",8.61274273510501e-93,2.36996825663655e-107,2.45465650489274e-100,1.73757363073107e-97
"239",1.01686372884719e-92,2.29564593432579e-107,4.11140248819014e-100,1.33633092698567e-97
"240",4.38151036201463e-93,6.96140748570635e-107,1.60791605459944e-99,1.61918336955649e-97
"241",2.51070816293434e-92,4.62619387651134e-107,4.07702731814105e-100,6.61313463528651e-98
"242",1.90632036137106e-92,7.55768218883745e-107,4.87769329058268e-100,6.72778048896749e-98
"243",3.9481526963142e-92,6.04125237995221e-107,1.49839012130944e-100,3.31262042826769e-98
"244",3.24240197520604e-92,4.27372978542136e-106,6.85913926535933e-100,2.11727953051832e-98
"245",7.0847403036006e-93,1.36585219144319e-106,3.78455897587088e-98,1.01191880806247e-98
"246",6.40626567917448e-93,9.19585689973689e-107,3.67523689453892e-98,7.16367335568823e-99
"247",5.37956850017119e-90,2.07421388348401e-107,2.89886922071895e-99,2.48349003794983e-99
"248",1.38371263727091e-90,1.12440594543384e-107,1.45758549183432e-99,4.94695447583362e-100
"249",2.40435072445203e-89,3.1531036154348e-109,1.49085227335888e-98,8.6848611312241e-101
"250",2.54055734194419e-89,1.04621429721743e-109,2.64493805236267e-98,1.36928463376369e-100
"251",2.83289864344143e-89,3.07956330249227e-110,3.32540864606839e-98,3.20805630613885e-99
"252",2.69407611199339e-89,4.13849039800609e-110,3.0179262763812e-98,7.39419434280096e-100
"253",2.24570838005349e-89,8.43429529037102e-110,4.81746969659735e-98,8.25060110203686e-100
"254",3.12754376336679e-89,1.84044272941711e-109,5.71830675676615e-98,1.22369531637585e-99
"255",2.86973817149173e-89,1.36668011824833e-107,4.32796806939571e-98,3.9304177303493e-100
"256",5.0500827724938e-89,9.32247066816703e-108,3.44943231982826e-98,4.75366784142756e-100
"257",5.79528286210785e-89,8.45398141097162e-108,7.97513128598481e-99,2.50506498943606e-100
"258",2.17391484367755e-88,8.71963871796829e-108,1.1062884836242e-98,2.28286630736912e-100
"259",3.53119464198683e-88,1.36419377668614e-107,7.07266280669193e-99,2.29307500226704e-100
"260",3.5008533769772e-88,1.26051966797041e-107,3.19356284316566e-99,1.32517723707655e-100
"261",4.22651383136127e-88,1.9337108398075e-107,3.13408824299686e-99,1.38211630209019e-100
"262",3.05718627435683e-88,3.0222362615451e-107,3.00904533344102e-99,1.442410814028e-100
"263",6.86926049995078e-88,5.44393412348234e-107,5.45765252331532e-99,2.74302426921644e-100
"264",6.62429938168446e-88,3.9657995247688e-107,4.17316907526136e-99,1.20618011929159e-100
"265",1.06072165230923e-87,3.20763888053021e-107,6.6981687945942e-99,4.79341143657026e-100
"266",1.41109045282896e-87,2.88261107682891e-107,3.22318053043115e-98,2.1543441589043e-100
"267",2.01321455354206e-87,3.03744038217993e-107,1.78532202082577e-98,1.70400774532318e-100
"268",1.93232853112884e-87,1.30488137655991e-107,1.05699479938224e-98,5.6320750059614e-101
"269",2.55142900666324e-87,1.96137655458433e-107,6.89874759650263e-99,5.051012983587e-101
"270",2.48484364398364e-87,1.31308082029759e-107,1.21301212428494e-98,2.04242095107919e-100
"271",1.85334157112282e-87,6.21673066986506e-108,9.14324593006428e-99,8.22877523013241e-101
"272",4.86247035188558e-87,8.37925055012059e-108,6.83884688851057e-99,5.94580174307947e-101
"273",5.76403026662015e-87,9.2759341121443e-108,5.89641297706219e-99,5.17080331644137e-101
"274",8.54446965598127e-87,1.16797557901866e-107,7.20752581037389e-99,1.48104546998703e-100
"275",3.62640394017937e-87,5.87835252456587e-108,5.9890282210738e-99,1.06909432766074e-100
"276",2.77966303681136e-87,1.47944195908179e-106,1.23193683770258e-99,7.74774759621044e-101
"277",2.42690193102202e-87,1.66386798873696e-106,5.67597001756973e-100,8.08909164882685e-100
"278",2.24326027461118e-87,3.15049289540333e-105,4.43776905303759e-100,7.45280238035853e-100
"279",2.15835197240774e-87,2.89343480860379e-105,3.97613234881026e-100,7.34871703388949e-100
"280",1.41604453343377e-87,1.53559757490122e-105,2.79978910118639e-100,4.51511112437417e-100
"281",1.40609992671411e-87,3.82682443397852e-105,2.99442701108064e-100,9.03521291443214e-100
"282",9.64775125982205e-88,1.88686204657507e-105,1.92369623416015e-100,6.45159385971428e-100
"283",7.42829051270198e-88,5.22669384619582e-105,4.52100714824195e-100,1.31981466107862e-99
"284",3.74758739094891e-88,2.36412550789124e-104,1.63247660402984e-100,8.19837666407181e-100
"285",3.48308302702841e-88,1.88867070135627e-104,2.16185333138714e-100,9.81178118075916e-100
"286",3.50864621552523e-88,1.13167038804127e-104,3.11154954568719e-100,5.93475639274587e-100
"287",3.17431702372444e-88,1.36380720271845e-104,5.07089208385897e-100,9.58050194919105e-100
"288",1.39833982965935e-87,6.45899521708967e-105,9.87340265128469e-100,3.50945801702525e-100
"289",6.25280180536323e-88,3.63063107236426e-105,4.23056007370307e-100,3.99511781381318e-100
"290",6.00525527393719e-88,1.6067703719338e-104,3.21672655500249e-100,3.34267981919938e-100
"291",3.57023753580047e-88,1.58537827955204e-104,4.42800082930164e-100,6.56563474915708e-100
"292",4.46786175725922e-88,2.23347056734135e-104,4.76508401240165e-100,5.01840908460851e-100
"293",3.27117134716228e-88,3.16225152392602e-104,3.14534896385624e-100,6.14749879427382e-100
"294",2.1122412448318e-87,6.099008226557e-104,9.67987067008556e-102,5.66235603215074e-100
"295",2.60125240396208e-87,6.07755130640511e-104,3.69367276567254e-101,1.96095606440469e-99
"296",1.13425734446829e-87,1.7911810818717e-104,2.07330894341178e-101,5.65149094275835e-100
"297",1.07903671537675e-87,1.78902540874771e-104,1.77682286795862e-101,5.74169952287553e-100
"298",9.08848188720493e-89,1.538219748309e-105,4.17174255928984e-100,2.82549338503245e-99
"299",9.55187138263702e-89,1.62230962190565e-105,7.53331719529494e-100,3.68949973119176e-99
"300",8.11696192946768e-89,2.9613398522646e-105,8.11284898940327e-100,3.91479457026809e-99
"301",6.71816621207553e-89,6.36536162456961e-105,7.79416097311831e-100,3.938954695308e-99
"302",5.32626904358278e-89,5.47389400443906e-105,4.36068221227613e-100,5.08416798705117e-99
"303",4.42297765133465e-89,2.94916913440716e-105,3.36854060623861e-100,3.17989671401539e-99
"304",4.63411134885022e-89,2.94208167495048e-105,1.83537444570812e-100,4.50584821236209e-99
"305",1.09435198496372e-88,2.53396958715882e-105,5.17532546700582e-101,1.7083390402944e-99
"306",8.10526106763067e-89,1.05353038014571e-105,3.55668343692317e-101,1.45971530604808e-99
"307",2.19816774925172e-88,1.06370858481613e-105,4.58446206254463e-101,4.05186179243201e-99
"308",4.89956216142693e-88,1.77793883621311e-105,9.473177392528e-101,8.69611916704196e-99
"309",4.23011743084676e-88,1.65156535384414e-105,6.96921363322604e-101,7.85735981150222e-99
"310",4.2033505923458e-88,1.67449432399621e-105,1.0421369653592e-100,1.35810521762022e-98
"311",4.47380943537177e-88,1.4837052977818e-105,7.5912106652408e-101,9.76662924066788e-99
"312",4.09534330321293e-88,1.74743348193292e-105,7.40492267277981e-101,7.23788784224517e-99
"313",2.74949368856863e-88,1.02973747822346e-105,5.79382946582048e-101,7.31345894864289e-99
"314",2.21728152786465e-88,6.91706541626178e-106,4.64298124148554e-101,6.7978374305751e-99
"315",7.32786232682605e-89,2.29998878709564e-106,2.12518208158827e-101,1.11945035653228e-98
"316",6.30486693313863e-89,1.9125482288355e-106,7.12296561122061e-102,2.55050087568834e-98
"317",1.45961826843538e-88,1.68976113265424e-106,6.10557198264312e-102,2.34397899846684e-98
"318",8.10586328833876e-88,1.47542661834696e-106,3.43725091290581e-101,1.44775463812627e-97
"319",1.5836811504026e-87,1.27465250833456e-106,3.8534112270019e-101,1.67813024075911e-97
"320",1.79792278113341e-87,1.68138599904551e-106,2.27293895662596e-101,7.52468938091144e-98
"321",1.89007287764337e-87,2.01003998744534e-106,2.06495459086374e-101,6.89988146171027e-98
"322",2.06465557800524e-87,7.74938413079446e-107,6.93124285511846e-101,2.31116199566996e-97
"323",1.56859808349717e-87,5.48614835751728e-106,7.01055145471188e-101,3.12645980897012e-97
"324",1.81888985941498e-87,8.37493077024564e-106,7.28680452306684e-101,1.62244828117694e-97
"325",4.98292940925589e-87,7.06252952584292e-105,4.20844134702109e-100,1.28039418914122e-96
"326",3.8293697496289e-87,2.20034893177505e-104,4.32642213010139e-100,8.61389845817614e-97
"327",8.09344053408464e-87,1.31203954657727e-104,1.13430156241009e-100,6.25122408716799e-97
"328",5.28630205137237e-87,4.21602374763829e-104,9.1912096346178e-101,3.77788059077496e-97
"329",1.78691488215011e-87,1.76679095183706e-104,1.21101267700607e-101,3.2624113332771e-97
"330",2.68451209497967e-87,1.92301122821654e-104,1.30188500498294e-101,2.96078286189525e-97
"331",2.08404384981033e-87,1.10824264915123e-103,5.12827352967152e-102,1.04288492743135e-96
"332",3.0473622345733e-87,6.42466512637995e-104,3.11601291599739e-102,1.47548960005629e-96
"333",3.52860916407874e-87,9.64053369043719e-104,3.3218327257701e-102,1.25886949022091e-96
"334",5.06582886643702e-87,6.92655702475848e-105,6.00126523861132e-102,2.0278809375817e-96
"335",1.34156740310754e-86,4.89558587211502e-105,7.75215655405663e-102,2.34453268210675e-96
"336",1.33680646511393e-86,9.80464265560957e-105,6.4435471120548e-102,2.80109365133628e-97
"337",3.14843935535915e-86,7.32958607909711e-104,1.65684466948562e-101,6.83733910600291e-97
"338",3.56336252894242e-86,2.44736399369399e-102,1.6065926893608e-101,9.36270055599266e-97
"339",4.43605756007515e-86,3.29107071896298e-102,1.54688052769388e-101,1.32140427263697e-96
"340",1.68230879782791e-86,3.51941663179814e-102,1.78645033166827e-101,2.67905051215133e-98
"341",1.07238529684926e-86,7.43486655637112e-102,5.98837973562208e-101,1.36721651515267e-98
"342",8.5971472922939e-87,1.30694026680832e-101,4.36966652323791e-101,2.2301343063406e-97
"343",6.64427742462419e-87,1.92121696350944e-101,5.89441650846918e-101,3.21216517419541e-97
"344",6.73004649391863e-87,3.4923581962923e-101,5.6990036119812e-101,1.57693469621797e-97
"345",7.97125210248391e-87,3.57432171236264e-101,7.04322925071079e-101,1.52273332530503e-97
"346",3.92698128836135e-87,3.23455744949336e-101,3.28035053485622e-101,6.93674824274749e-98
"347",3.91017342722005e-87,2.67369915721466e-101,3.20184567909245e-101,5.74035862795477e-98
"348",3.70305550200286e-87,2.18106898453966e-101,2.04986129308749e-101,5.05643640661956e-98
"349",5.87275715126651e-87,2.82622909969844e-101,1.66128051934883e-101,5.95540116984e-98
"350",4.81263755168271e-87,9.29835230479264e-102,6.43939431840041e-102,2.53080954178691e-98
"351",5.13948964111962e-87,9.10062271915156e-102,4.42850678145889e-102,2.14532484123186e-98
"352",1.30190311968527e-86,7.69849653220498e-102,1.09669167831971e-101,2.18121319552886e-98
"353",1.2346924769102e-86,1.20487693945443e-101,9.80323041441453e-102,1.71525704221705e-98
"354",1.40252078963331e-86,1.62114565755268e-101,1.72135047718314e-101,1.94633273222342e-98
"355",1.38100438246239e-86,2.06429421779577e-101,2.85928865468431e-101,3.02064228516762e-98
"356",1.72283672271323e-86,4.62795102735535e-101,3.20015929900827e-101,2.88551130259058e-98
"357",9.76403034331178e-87,1.35247313526815e-100,4.87157891572064e-101,2.28851456502507e-99
"358",8.10136956623836e-87,1.21850389514794e-100,3.61053071961058e-101,1.28806334480902e-99
"359",5.08057589526214e-87,7.47834956905521e-101,2.22941850052382e-101,7.99299875336664e-100
"360",5.36711593099564e-87,6.96385589992932e-101,2.30057815437971e-101,7.59318947282371e-100
"361",3.68800514600058e-87,5.23648078373737e-101,1.66577322827079e-101,1.39064297454558e-99
"362",3.66857501986389e-87,5.23359880267761e-101,8.99375016565338e-102,5.21247299141921e-100
"363",1.48388367839653e-87,3.9552769756952e-101,5.35133033155433e-102,6.01520035314092e-101
"364",1.50931946150713e-87,3.37046087719933e-101,4.45284216247039e-102,5.00110879084296e-101
"365",1.53875952475458e-87,4.19079542332771e-101,1.54577803896137e-101,4.87317143813412e-101
"366",1.55560938901432e-87,3.97636576324666e-101,1.62846778014851e-101,3.79885294218933e-101
"367",1.3724459679219e-87,3.7128866546562e-101,7.28921281161013e-102,4.14938089796271e-101
"368",1.53618701240514e-87,3.11703542495667e-101,5.13329313778377e-101,3.4473494053007e-101
"369",1.28296643943724e-87,2.11510951097253e-101,5.25394015076779e-101,2.45139763604195e-101
"370",1.0796498752821e-87,1.96605281530035e-101,5.50565707032133e-101,2.36530435099526e-101
"371",1.75639197157069e-87,1.14324695891062e-101,2.30857926589027e-101,5.0046167619017e-102
"372",2.68121845811549e-87,1.2258576516028e-101,1.74177705383028e-101,3.74897213560599e-102
"373",1.1596599224084e-87,2.53649338443585e-101,1.88672412383062e-101,3.2241477904952e-102
"374",3.21915647967169e-87,7.59694710750753e-101,2.42827079671664e-101,1.93205451094147e-102
"375",1.2615629340925e-86,5.46221467776695e-101,1.30001195207528e-101,5.21392379114428e-103
"376",5.60864894644916e-86,5.26828552629772e-101,1.573873837868e-101,7.28307907672064e-103
"377",7.93533817619853e-86,5.69215953807504e-101,8.89552609386929e-102,6.05056135301983e-103
"378",1.35129137420514e-85,5.72488759999502e-101,6.90081687874204e-102,6.66064624926306e-103
"379",1.58485599714088e-85,2.62470944737201e-100,1.38183612792457e-101,7.32048012255648e-103
"380",2.23594171695958e-85,3.71477058369457e-100,1.27019128027892e-101,2.05771602357816e-102
"381",1.50287217814208e-84,7.36715610060105e-101,1.95174855163274e-102,4.44576573917318e-103
"382",1.95096306258733e-84,4.94641610748205e-101,2.22175311289984e-102,4.37185743999115e-103
"383",1.44073873770008e-83,4.43972105410114e-100,9.01401272584512e-102,6.47173129186824e-102
"384",2.22681513859287e-83,4.39182743357573e-100,1.60693540607907e-101,8.16878686375476e-102
"385",4.47207788218767e-83,2.07307306809612e-90,1.86228882937463e-101,1.05592020820069e-101
"386",2.25284540047457e-83,2.34980045352319e-90,2.17470339379262e-101,1.98237303509348e-101
"387",2.03521067573293e-83,2.20399296051909e-90,1.81101923881698e-101,5.18242041600397e-102
"388",2.65749508645187e-83,1.60049250910625e-90,1.20870861904654e-101,4.47622881998401e-102
"389",2.70572013259949e-83,1.5769719515305e-90,2.24505063633249e-101,4.14461425413796e-102
"390",3.2392797321111e-83,1.84256353012434e-90,2.54903742681853e-101,4.82349252472304e-102
"391",3.20193284717209e-83,1.42192278576523e-90,2.7126382203995e-101,4.71122073312182e-102
"392",1.81219680840876e-83,7.1988931300996e-91,1.78695010385868e-101,1.45893855041477e-102
"393",1.79301675308192e-83,8.65196388565035e-91,1.9795999702884e-101,1.17468319740829e-102
"394",1.74725603631601e-83,8.50452987742825e-91,2.47254662954573e-101,6.46724749801905e-103
"395",8.05970707329661e-84,1.12855891277417e-84,9.78353374486966e-101,7.68289926356171e-103
"396",6.31499004415802e-84,1.26171435735735e-84,7.96920121368197e-101,5.92788259715302e-103
"397",9.63696517441318e-84,1.17289588313012e-84,2.93973390128794e-100,5.67642395668904e-103
"398",9.09577424175297e-84,1.38022278586262e-84,3.63241488757984e-100,7.02655656774487e-103
"399",8.95724939935574e-84,2.64648480787636e-84,2.8550800251673e-100,1.0204473419914e-102
"400",8.53492338891934e-84,2.5098634101857e-84,3.34818382888394e-100,9.71142785428007e-103
"401",8.59051233507811e-84,2.572539454704e-84,3.45717066647564e-100,8.35593433940418e-103
"402",9.98846847084646e-84,4.07093997742118e-84,8.51333244320999e-100,8.03199939662287e-103
"403",4.51020952388614e-83,5.3576249382414e-84,1.25702267149572e-99,6.43472739649353e-103
"404",2.91768451266735e-83,5.69217574247632e-84,4.02645518287389e-100,4.75002505651275e-103
"405",2.17644690930643e-83,5.30946717861602e-84,3.30367144198349e-100,5.15789951866975e-103
"406",2.09501092498179e-83,9.10263227174322e-84,4.16264479328265e-100,8.86872866930229e-103
"407",2.05831449743482e-83,9.10263227174374e-84,5.13107189769262e-100,7.59636255369971e-103
"408",2.12191946963653e-83,3.10547778207619e-84,2.99799704636639e-100,5.35913384216127e-103
"409",2.29171033567794e-83,3.14086856565807e-84,3.37891262222979e-100,1.62542500724477e-103
"410",2.13583619892797e-83,4.0722197142714e-84,4.1202150611915e-100,8.48923596668923e-104
"411",1.24069052418446e-83,1.32588596274454e-84,2.39873453308721e-100,6.38802936561697e-104
"412",1.45329324968783e-83,4.10078166601857e-84,2.18452720534216e-100,8.5428375824533e-104
"413",1.44504812203402e-84,8.83475866174133e-84,1.4210523380719e-100,5.11380183165918e-104
"414",1.80999924102816e-84,8.24699495220719e-84,1.280568294443e-100,8.29361079670231e-104
"415",3.0901071252013e-85,1.2953039563156e-84,5.74417728008164e-101,1.62081092172044e-104
"416",2.93683283807342e-85,1.29722520423117e-84,9.05292286532429e-101,1.72408764134919e-104
"417",1.91557652962859e-85,1.228960326242e-84,5.88869238129302e-101,8.03500050359644e-105
"418",1.34165463254041e-85,1.19107031271353e-84,6.79455611894706e-101,3.44534619368243e-103
"419",1.59940662662221e-85,1.44133588579483e-84,5.26548146092504e-101,5.68603576096769e-103
"420",1.7570338089648e-85,1.05607963402064e-84,3.57297623874097e-101,9.64883660853943e-103
"421",1.33435336548782e-85,1.11061612895203e-83,8.92147777355206e-101,3.94563537900639e-103
"422",1.96251603547516e-85,1.3964305508648e-83,1.0447250301332e-100,9.36122413511504e-103
"423",7.39170472200094e-85,1.55723396763857e-83,9.33390022737384e-101,1.18006925436617e-101
"424",7.72589476953756e-85,1.71435588920212e-83,1.06612100276679e-100,3.29619941948816e-101
"425",2.91319867186528e-85,3.29319204579775e-83,1.164477685444e-100,9.38449241768016e-101
"426",4.47973726992533e-85,2.18463428386332e-83,9.74679779173685e-101,1.31951231591835e-100
"427",4.4660400211821e-85,1.67107870154078e-83,8.82383004029878e-101,1.12793275844129e-100
"428",2.26237202651662e-85,1.70250647443866e-83,7.54122367526043e-101,3.63549263897389e-100
"429",1.84881701193176e-85,1.45967705542079e-83,1.06067930583944e-100,3.24568447334111e-100
"430",1.54976138923535e-85,1.23680690797314e-83,7.03321185759758e-101,5.46954287564405e-100
"431",9.54606365341441e-86,1.49198364959903e-83,2.90854647150155e-101,2.31515963653158e-99
"432",4.49884538810992e-86,1.14800973977982e-83,1.82497069664362e-101,4.34397646922309e-99
"433",3.30532208719633e-86,1.2859709076029e-83,1.32683875757648e-101,3.18874358295694e-99
"434",2.26712107880069e-86,9.55347177128502e-84,7.56495155397317e-102,1.42413389113252e-99
"435",2.27013347379925e-86,1.59975145196615e-83,7.1813795313544e-102,1.73956599443071e-99
"436",1.5457005285197e-86,1.49457277069314e-83,7.78520182863014e-102,1.34931029249114e-99
"437",1.16224515602426e-86,1.27157899700715e-83,4.07564339503658e-101,8.90906513893049e-100
"438",9.35111547649955e-87,1.01711159320174e-83,2.0339489229398e-100,6.60108537168298e-100
"439",1.12680294288244e-86,1.05675589171853e-83,1.20729825296955e-99,4.05333560872312e-100
"440",8.12026985965462e-87,1.15355554884511e-83,6.40801176327887e-100,2.62458917036919e-100
"441",5.1018663812755e-87,2.08434953851076e-83,8.89472869731535e-100,2.38011316726091e-100
"442",7.49160980939954e-87,2.2922638393245e-83,1.86792218210931e-99,1.88657473287523e-100
"443",1.06931872440969e-86,3.50788836373533e-83,1.9224062932618e-99,1.30216992940501e-100
"444",1.11313156657635e-86,3.30566362818735e-83,1.96185038157963e-99,1.05060149581769e-100
"445",1.346473742802e-86,3.44594917002279e-83,1.24977424317493e-99,9.34767634213982e-101
"446",8.5691833032464e-87,2.0432162122655e-83,6.96942970910669e-100,8.4278798589062e-101
"447",7.16299226294482e-87,2.12923945734729e-83,9.57114481198041e-100,1.68127609507907e-100
"448",1.00666742335957e-86,1.76263914347849e-83,9.48972561792383e-100,1.58185493064865e-100
"449",1.29689329068502e-86,3.64676778545019e-83,1.58656990588497e-99,2.15789281285164e-100
"450",2.07046973602629e-86,4.00137847475308e-83,3.24785954430519e-99,2.06844601903755e-100
"451",7.11341165173796e-87,7.46098533786955e-83,4.10121585192551e-100,4.97816789788323e-102
"452",5.53338790612612e-87,8.29772935804611e-83,3.18151184962492e-100,4.08265565968664e-102
"453",2.71319965045506e-87,4.94007725614816e-83,1.93492970939842e-100,2.45385145075404e-102
"454",2.4049131794802e-87,4.48984543927576e-83,2.67724412482402e-100,3.13405730863861e-102
"455",9.88727463638459e-88,2.76713285512243e-83,2.07269915993754e-100,8.56213101769429e-103
"456",6.9563045603131e-88,2.5833657442567e-83,1.50084889201666e-100,7.26623991180839e-103
"457",6.95580612089649e-88,2.4159162017753e-83,1.63197813371997e-100,9.69981447204434e-103
"458",1.01178647943155e-87,1.60473061165421e-83,1.15585937891842e-100,7.92114800853869e-103
"459",1.34650723991202e-87,1.80061136958102e-83,2.09967421829349e-100,2.96371782815955e-102
"460",3.79741884041677e-87,2.59596067516165e-83,2.03657280131921e-100,4.4934882990401e-102
"461",4.13757255934563e-87,3.1163216276715e-83,2.16923357540432e-100,2.69357556514631e-102
"462",5.94860959419464e-87,3.10321976774235e-83,2.87431822758439e-100,3.0044509902393e-102
"463",8.0912853874091e-87,3.26996449064048e-83,7.4174653768169e-100,5.05384616846502e-102
"464",5.8613634326301e-87,2.35894715004892e-83,8.75553209822056e-100,3.77612415688195e-102
"465",5.70838964840975e-87,2.03518285996318e-83,8.96546409839482e-100,3.57039565899632e-102
"466",3.87507563468335e-86,3.76678299889168e-83,2.00695379512921e-99,3.80874245247285e-102
"467",2.5509927920168e-86,6.34960525485953e-83,2.4607235935731e-99,6.08400684028601e-102
"468",5.62665180628762e-86,1.64346161554545e-82,2.81548378032578e-99,2.00003366619701e-102
"469",4.58322130850607e-86,1.38422978836939e-82,2.34719207977732e-99,1.8737889400935e-102
"470",5.74318496196925e-86,1.34991666593788e-82,2.34570194938688e-99,1.63500723372414e-102
"471",3.76233589118654e-86,1.76796275111794e-82,2.93756192327028e-99,1.6956750673078e-102
"472",4.15622314186058e-86,9.4493854456289e-83,3.08208234929688e-99,1.80360462164382e-102
"473",4.41370031168184e-86,9.08319321607671e-83,2.67310203521853e-99,2.71326269665006e-102
"474",5.0706997642794e-86,9.23561034319536e-83,1.33737923931488e-99,2.51313175448035e-102
"475",5.19953540141766e-86,1.02501486435957e-82,1.29542852000848e-99,2.53216707038988e-102
"476",1.98272621625547e-69,7.68500733700031e-80,4.16421449798241e-81,4.84505313461895e-84
"477",3.58544004116355e-69,1.03408516117985e-79,1.21807099102262e-80,9.35654366950723e-84
"478",3.54331181930828e-69,1.39371231954111e-79,1.09997066257377e-80,9.72114942333035e-84
"479",3.40588543641814e-69,1.80988033781025e-79,2.1775393788931e-80,8.77377277196737e-84
"480",1.26059792785814e-69,3.0115985865287e-79,3.81072001298002e-80,1.82029631270754e-83
"481",1.19709373564007e-69,7.27637974340356e-79,1.69553150286153e-80,1.33466755668338e-83
"482",9.02291592210206e-70,1.83176404016448e-78,2.76737427088902e-80,1.25298471423869e-83
"483",7.84582342210537e-70,1.39871960874474e-78,2.54174675000369e-80,9.60019650872921e-84
"484",5.37553569494683e-70,6.99611165560629e-79,1.65402109146769e-80,6.66634100121619e-84
"485",6.02500232409062e-70,6.75324426611133e-79,1.52633016679218e-80,5.87112126891909e-84
"486",4.37618419891089e-70,5.90724714477858e-79,1.28399112581202e-80,1.15048965912114e-83
"487",4.20201724135263e-70,5.49701843819107e-79,1.5656963944205e-80,1.22267011900074e-83
"488",2.33087908434715e-70,4.09428284556775e-79,9.01773736602876e-81,3.9930081120901e-84
"489",2.54762967260757e-70,4.24892452625879e-79,1.09509731490954e-80,5.29037853992177e-84
"490",2.63920913181385e-70,5.30333606889572e-79,3.10632905655439e-80,2.97294906100914e-84
"491",3.0050328622172e-70,4.57406592194309e-79,4.02509177858818e-80,3.82970125045539e-84
"492",3.37922607940346e-70,5.12495294047568e-79,5.94591576821442e-80,1.97669928249055e-84
"493",3.05966529440886e-70,4.72074849508861e-79,3.07118477744272e-79,2.85478820350196e-84
"494",2.62822145306927e-70,3.07565264743406e-79,2.90150595458456e-79,2.44091862325195e-84
"495",2.72445625516215e-70,3.1526668669442e-79,3.57619709528439e-79,2.53812294458524e-84
"496",4.3839795184502e-70,2.34920638543274e-79,3.75190477546128e-79,2.38248429938982e-84
"497",5.71896562722487e-70,2.60215492663029e-79,2.49948381314157e-79,2.25257082365244e-84
"498",6.24847249716509e-70,5.40904550301253e-79,1.24898977937617e-79,1.67520164414345e-84
"499",1.4533026870017e-69,7.32789474320685e-79,1.71447268472424e-79,1.50132341726253e-84
"500",5.4505733893288e-69,5.19050439518943e-79,8.06624051784898e-80,8.96909283189027e-85
"501",2.04383118651145e-68,4.21901793133131e-79,6.75960314042081e-80,1.06235265499225e-84
"502",2.67101386829585e-68,7.22371504165436e-79,4.7545123933939e-80,9.13385027282149e-85
"503",4.40561148872864e-68,9.48335010551413e-79,2.46603895354354e-80,8.01126001356564e-85
"504",8.36787907214974e-69,5.60882142055808e-78,6.41165819130452e-80,6.83044292631301e-84
"505",1.3694684982469e-68,9.26302881424908e-78,4.90408323003477e-80,2.43833849593951e-83
"506",8.30334879494528e-68,2.37507504807138e-78,2.15913753133702e-80,1.21983818939386e-83
"507",1.00284473892868e-67,2.19076225452286e-78,2.75657374098539e-80,1.38783886065482e-83
"508",8.00697988796313e-67,6.00891422494054e-78,2.18223468380072e-80,5.03846521317948e-83
"509",8.68123865006845e-67,4.08968134328184e-78,2.63578469110275e-80,5.60706289662999e-83
"510",8.27387131126757e-67,6.60067890984395e-70,2.60312264081133e-80,6.35562783153537e-83
"511",1.094673182255e-66,5.3259341398799e-70,2.6538590789636e-80,8.93692937084373e-83
"512",1.07717651279636e-66,5.01703348741952e-70,2.59330034994676e-80,1.03813047264373e-82
"513",1.40984606253173e-66,3.6423887790532e-70,1.76015145274609e-80,1.01937311311661e-82
"514",8.96420715849503e-67,4.16673676247338e-70,2.21102642081081e-80,8.9726653502579e-83
"515",1.57662984757553e-66,4.2887404127679e-70,1.71839852051977e-80,7.7794846014534e-83
"516",1.09697833676252e-66,2.8248198550708e-70,1.35181843226528e-80,7.67003873527663e-83
"517",8.59696720933556e-67,1.25735930474231e-70,6.04445779918433e-81,1.17595075430086e-83
"518",5.86959907664385e-67,1.68023817901843e-70,7.19796117342194e-81,5.53005644753268e-84
"519",5.58330598108602e-67,1.59290658195495e-70,8.90132304123798e-81,3.73786457166002e-84
"520",2.83599897612214e-67,1.47736824153265e-65,2.25507238105426e-80,4.13536177320888e-84
"521",2.11769255606131e-67,2.08771805288969e-65,2.26620550947e-80,4.13536177320888e-84
"522",1.59851258478392e-67,1.72497049494692e-65,9.82807880382785e-80,2.32625209800014e-84
"523",9.25933690512796e-68,2.41917314953118e-65,1.22631305294024e-79,3.36756846665656e-84
"524",1.59527086941383e-67,2.11185156330734e-65,3.20361511319945e-79,7.19906307578282e-84
"525",1.45263016825125e-67,1.87210060032137e-65,3.17246192677268e-79,7.03560705921807e-84
"526",2.18322451183416e-67,9.76478164447519e-66,4.91086954060842e-79,1.94746102905706e-83
"527",3.05267659166564e-67,9.0658346039844e-65,5.60900340169761e-78,6.29532418630466e-83
"528",4.8126802951472e-67,1.45087705560703e-65,6.42862554765724e-78,3.30712683163254e-83
"529",1.16331162171667e-66,2.8482466604539e-65,1.15494373645609e-77,6.30830254662664e-83
"530",6.10951198757527e-66,4.31362080049747e-65,3.24679251627989e-77,6.40426557941901e-84
"531",8.93624062203225e-66,1.18378743123827e-64,1.48352587942113e-76,1.29288264527764e-83
"532",8.87910975539544e-66,1.19588536381158e-64,9.89307032112837e-77,9.35077020479718e-84
"533",4.56309369634584e-65,2.9395364190073e-64,5.69235079039129e-76,4.56350600417045e-83
"534",2.21866979571656e-62,1.55552169901474e-63,6.12106695759827e-72,6.38094625486161e-78
"535",3.548500339667e-62,3.45457033216503e-63,1.13314232238749e-71,2.75682847135909e-78
"536",1.82565981155993e-62,1.23980029060621e-63,7.24382160012875e-72,2.61545350917303e-78
"537",3.60630231011256e-61,2.71007603353088e-61,2.25414680726569e-70,1.26624645807831e-75
"538",1.11345277918523e-61,1.9092620833418e-61,4.40232867639221e-71,3.69577330179824e-76
"539",5.41974121506126e-64,1.920343951775e-60,4.81986633761309e-74,3.41499466788539e-76
"540",2.31102336734811e-62,7.37534494199507e-60,4.91773972418715e-72,1.04429622730101e-75
"541",3.52214669468995e-62,1.47796951008412e-59,3.86253155836475e-71,5.96165453580174e-75
"542",1.42792130357767e-60,1.23451024019799e-58,5.05933627127682e-70,2.97699772366211e-74
"543",1.69782474568695e-60,2.68884282268143e-60,1.84710366715786e-74,1.09723576523241e-76
"544",4.23547951829568e-59,1.41759481017822e-59,1.63958189890181e-73,4.85020645235877e-76
"545",1.22279202838836e-59,1.25357032722248e-59,8.97319675012553e-74,8.08979249383199e-76
"546",2.18598403498336e-52,2.01547685465704e-53,9.71265891691641e-70,2.27158379420762e-75
"547",3.31189380737843e-51,1.40806276484215e-51,1.3284029436183e-67,4.02351775220561e-73
"548",2.34446920691606e-51,1.00881273538904e-50,1.18597507717327e-66,3.20609410853827e-71
"549",8.05223793762431e-52,2.34514498076058e-51,5.68394414382563e-67,5.52435932280977e-71
"550",7.50327889317857e-52,3.41014149775542e-51,5.5512330067616e-67,2.51670578166616e-70
"551",2.20865282818393e-52,7.45698223772318e-52,8.74442526986408e-67,6.05113103539237e-70
"552",2.93528112919246e-52,4.64859628103552e-52,2.69679992166942e-66,1.31596237495515e-69
"553",3.79761054178095e-51,6.61429305016995e-52,1.8279920073856e-66,2.97533203350052e-68
"554",3.49042601042036e-51,4.36671495569088e-52,2.65514956343829e-66,1.48052449617261e-68
"555",3.1871211708177e-52,4.16673381617821e-51,3.01572063960061e-65,3.43046816044792e-67
"556",1.5657747829422e-52,4.72116618028579e-51,7.26739248199167e-66,1.36608587517026e-66
"557",1.39960708505898e-52,4.92102650912915e-51,6.36932388978328e-66,1.0225200284268e-66
"558",5.23495008698982e-53,1.27605479730854e-50,4.84571352278749e-66,2.22393873475061e-66
"559",3.40880384853288e-53,2.06885715185562e-50,7.62332113281615e-66,1.81947426712982e-67
"560",3.22129868381799e-52,1.29279133580258e-49,1.66730249101031e-65,1.11316840227775e-66
"561",1.88832460294549e-51,1.56242564047392e-48,2.62575861746907e-65,2.12468590261896e-66
"562",1.60223969086912e-51,2.70704085102184e-48,1.01119393133225e-64,1.63012265638628e-66
"563",2.93558115589818e-51,3.29923169375028e-48,2.86384778899205e-64,2.01314380371433e-66
"564",1.56241961532724e-51,4.52464655636627e-48,2.52154672858484e-63,7.77890085253255e-67
"565",1.21990907892972e-51,4.44787493182058e-48,2.53080354792564e-63,8.31753788596855e-67
"566",3.55921307782296e-51,1.45538451114935e-47,6.35962592687444e-63,2.19433462008945e-66
"567",3.71129489821455e-51,1.29185540340134e-47,2.1386187788599e-63,1.73654710141898e-66
"568",1.80537765631161e-51,1.1819454418844e-47,1.94366828740568e-63,1.5107846227696e-66
"569",1.65920383205974e-51,8.49498020740743e-48,2.57202240213387e-64,6.27231541568263e-67
"570",3.33800631699955e-50,3.38967757646268e-47,6.85290495767238e-63,9.6043529418497e-66
"571",3.42875074729863e-51,3.37419373887374e-47,1.71669302880818e-62,2.08744414652807e-65
"572",4.01857292896253e-51,3.14541872520742e-47,1.20101790167944e-62,1.94692238724555e-65
"573",3.00543676806817e-51,2.43393618883525e-47,1.02780939316943e-62,1.40971930610974e-65
"574",2.41872182358674e-51,2.48818859250368e-47,8.79811347015915e-63,1.60075284412493e-65
"575",3.6182736849125e-51,2.57381704310115e-47,1.60711814655943e-62,1.22752602154613e-65
"576",1.74037794398538e-51,6.27617263974371e-47,3.63662321711798e-63,1.70315272023168e-66
"577",1.46797403668265e-51,7.28817114347192e-47,2.54636858491821e-63,6.54646801365287e-67
"578",8.05083113939292e-52,6.21826348943537e-47,1.36155485056715e-63,4.01885254213768e-67
"579",6.01521493085013e-52,4.2165818295388e-47,1.05936180162437e-63,1.30525672086902e-67
"580",2.45190085264212e-52,1.58191779740634e-47,6.20560026257939e-64,6.03364229614326e-68
"581",5.97433823287589e-53,1.04810511414497e-47,7.22034976574274e-64,4.54462909424795e-68
"582",4.62958251237566e-53,7.41255982251888e-48,1.45128650486908e-64,4.78754443668098e-68
"583",1.81803218652628e-52,4.28871657207486e-48,5.0882128784722e-65,1.546429306168e-68
"584",2.12884059132167e-52,3.48222152913026e-48,1.10560690093645e-64,6.83762157108235e-68
"585",7.30941091726673e-52,8.95559201896683e-48,2.21498068333646e-64,6.56240204860955e-68
"586",1.72752856159805e-52,6.3859126305232e-48,6.67981696335061e-64,8.76705879256242e-68
"587",7.5728942884767e-52,2.37881992322433e-47,1.81365366420021e-63,1.62073307648158e-67
"588",1.15672630316699e-51,1.07900120071726e-48,1.59306041637135e-62,6.93553602904857e-67
"589",1.02311113074665e-51,1.26612732217264e-48,1.81375015814344e-62,5.952374824226e-67
"590",4.83560826517822e-52,1.2366397556632e-48,2.12894694197751e-62,6.00594682636563e-67
"591",1.13699542548154e-50,8.70970138756524e-48,3.43690195461205e-61,1.22443095735073e-66
"592",8.87718833821242e-51,1.6762579255089e-47,1.96944594500759e-61,9.62083277941156e-67
"593",1.83855858851234e-51,1.01440785563765e-46,1.65218085523763e-60,7.98659472658021e-66
"594",2.93802797239683e-51,1.21212538820827e-46,2.98280808644038e-60,8.72527421280464e-66
"595",3.26475907689106e-51,1.21956855017783e-46,2.10944199044554e-60,2.61235112073335e-66
"596",6.23242592203741e-51,2.49737916563461e-46,4.13178676981367e-60,4.24101116620151e-66
"597",1.30591956289786e-49,5.99623584321275e-45,8.94681421069908e-59,2.90325223714424e-64
"598",1.29980864982408e-49,5.39979573891105e-45,4.94672365500123e-59,3.95090040804231e-64
"599",2.61279270113803e-49,6.37313036454588e-45,6.27647639818891e-59,3.6775838529222e-64
"600",2.53261322860346e-49,8.22864128408727e-45,6.23945484738495e-59,3.88029397317006e-64
"601",2.02746076116628e-34,2.33013303911924e-43,2.8434511164785e-43,7.17384823558356e-48
"602",1.54149650676021e-34,4.12690203785481e-43,7.58104633188326e-43,1.36277680210465e-47
"603",2.19095723746101e-34,1.1581002501826e-42,1.54799409115939e-42,1.82899787351476e-47
"604",9.91095525430972e-35,1.84652886284924e-42,5.73504790648001e-42,3.83418404508281e-47
"605",6.61740235522009e-35,2.27101960781189e-42,8.767151263856e-42,7.42339776526532e-47
"606",5.60646560203437e-35,5.03124863699926e-42,8.66701125198542e-42,6.46112681851501e-47
"607",3.2316546250003e-35,1.46316839101172e-41,1.26612118804321e-41,9.13929217623142e-47
"608",2.1840732847874e-35,1.25665530054571e-41,1.11646370293831e-41,6.57767576539702e-47
"609",1.57200668426656e-35,4.83186072735649e-42,4.4076033803326e-42,3.8143849157763e-47
"610",1.74629582657158e-35,4.40718319117451e-42,4.86116729728552e-42,3.19106323907897e-47
"611",1.19249145278449e-35,3.21452797572051e-42,3.3875981539579e-42,6.57984172199339e-47
"612",1.04443951695038e-35,3.18907207197424e-42,5.93934616855892e-42,7.12308371026712e-47
"613",1.18284689479769e-35,7.42400271207646e-42,1.24237197959165e-41,4.2222804329984e-47
"614",1.03777884282946e-35,7.66950252118647e-42,1.08495972708345e-41,3.89347168395869e-47
"615",4.41605360535546e-36,9.596240684088e-42,3.48293549962754e-41,4.40782700567735e-47
"616",3.17654464206361e-36,1.09244315194151e-41,4.2705185488823e-41,5.06135328176287e-47
"617",3.22200346285094e-36,1.30287945605349e-41,5.99454544923359e-41,4.45799664707713e-47
"618",2.64918729400278e-36,1.10283160271546e-41,3.27825240041347e-40,7.06561862547471e-47
"619",2.20529097426463e-36,8.61104211309271e-42,2.97455347394685e-40,4.29959643480815e-47
"620",2.66178474143633e-36,8.55466000474305e-42,3.77071630643429e-40,4.19795721260581e-47
"621",2.77306542812555e-36,1.03705024529195e-41,3.56680113800897e-40,3.72655799570347e-47
"622",4.31554212065395e-36,1.70148576534173e-41,5.80599113442977e-40,5.67532836646355e-47
"623",3.8262517744324e-36,2.39964787341298e-41,3.01839522096731e-40,4.35330341316639e-47
"624",8.01273208639985e-36,6.51711040283897e-41,1.82544633582199e-40,5.61063371013262e-47
"625",4.8701490708823e-35,4.90505968624403e-41,1.2050236705281e-40,4.11337900675073e-47
"626",1.66541099322854e-34,5.50887108947713e-41,7.36852300343737e-41,6.24836570694037e-47
"627",1.58170183281616e-34,9.39868627859203e-41,5.26097163530155e-41,4.57571702013722e-47
"628",1.35693294393768e-34,7.73743321682697e-41,8.77944646583535e-42,1.14451371661005e-47
"629",1.34201821941448e-34,3.06757755364791e-40,7.66428609971051e-42,3.91976794246611e-47
"630",2.33920380517063e-34,2.24052403527686e-39,6.81132587670082e-41,2.95093338873583e-46
"631",1.95702957686755e-33,5.5479382381536e-40,2.29988190663214e-41,4.01200393691387e-46
"632",1.61349314342523e-33,3.24610719682044e-40,3.03953365039236e-41,3.89309822215805e-46
"633",4.35576387696008e-33,4.38677337476202e-40,3.5138628095661e-41,4.03423454132986e-45
"634",5.61485324350256e-33,3.64608381696258e-40,2.94544396568472e-41,3.69536481264674e-45
"635",4.3589691088571e-33,1.9672744221921e-33,2.87121328009185e-41,7.42224620255012e-45
"636",4.74894991679935e-33,2.60287502191108e-33,1.93981265375918e-41,9.02968583495611e-45
"637",5.76588700468669e-33,2.83636585629392e-33,2.3169097618579e-41,2.45421843826111e-45
"638",6.78080154726953e-33,1.83045709674351e-33,7.71640461222853e-42,1.82014019149589e-45
"639",5.41497305188587e-33,1.87536162985273e-33,1.25394625079701e-41,1.24053389689404e-45
"640",4.57570470779401e-33,2.14073837419662e-33,1.27380793747476e-41,1.09214482885936e-45
"641",4.68170005246099e-33,1.52327108021292e-33,1.6819821238377e-41,1.0561610236355e-45
"642",3.85419094120949e-33,1.05676690671593e-33,9.37118057796913e-42,8.9874225796726e-46
"643",4.31112777545983e-33,2.18395400880685e-33,1.6272343332736e-41,1.49889980505883e-45
"644",4.20634617023202e-33,2.43721083721002e-33,1.56422953679372e-41,1.3494038757809e-45
"645",6.64951377769698e-34,3.41942408018826e-29,2.79531826478521e-41,9.59406448707176e-46
"646",5.42400590943136e-34,3.95456193266368e-29,2.43883667357987e-41,8.61438944478813e-46
"647",3.77089453214487e-33,1.34657622656064e-28,5.34806887222396e-40,1.70807472441191e-45
"648",7.32763978228573e-33,2.5154862376997e-28,1.07231099847116e-39,1.99090113530867e-45
"649",7.09001136487606e-33,2.69813847348831e-28,1.97202856426189e-39,2.42171359679024e-45
"650",3.43769418066172e-33,2.94254067383823e-28,2.63824691262006e-39,4.02456986375906e-46
"651",4.30998957546168e-33,3.09645613511011e-28,2.89059249631828e-39,6.33993475271617e-46
"652",3.47140591713905e-33,3.83146297156785e-28,6.22353512716685e-39,5.69919223980967e-46
"653",1.24617693354393e-32,4.23514505393442e-28,6.40443210644736e-39,3.49555359396669e-46
"654",2.01311023114097e-32,7.96857091471914e-28,1.73337955103958e-38,1.16439002330075e-45
"655",3.89019357537642e-29,1.40689464945091e-26,2.03795718204415e-36,8.04874606487532e-44
"656",5.57041013265846e-29,1.39278454550292e-26,2.06203341289457e-36,4.59671455874621e-43
"657",1.79667363287237e-28,9.81415291309202e-26,2.72258735925571e-35,1.39459240155118e-42
"658",3.27385612634113e-28,1.47297451131662e-25,2.98268357995139e-35,2.08840990705822e-42
"659",4.48779214304158e-28,1.79892406846569e-25,3.28273366988115e-35,2.46283915258399e-42
"660",3.46354956095332e-28,2.01425219159476e-25,3.32488607848788e-35,1.3173661861507e-42
"661",1.28721416138062e-29,1.03374058213813e-25,1.6192921010843e-35,6.44152268822982e-43
"662",8.61531882697694e-30,2.44339706292049e-25,2.22770258790514e-35,1.47295758091125e-42
"663",3.31523354738503e-30,2.63635249420513e-25,5.48737854549266e-36,1.82573167461508e-43
"664",2.83469913913407e-30,2.54795036844741e-25,5.31378292561673e-36,2.60090463872484e-43
"665",3.96925778925933e-31,5.06325797510765e-26,3.34599289838248e-36,3.07775584641403e-44
"666",1.29573189702862e-30,1.23750572857457e-25,2.10706870819857e-35,1.56721480033806e-43
"667",9.16265415777122e-31,1.43648473377144e-25,1.19124758872498e-35,9.32105443725103e-44
"668",8.42696734197116e-31,1.79831783078028e-25,1.41657770836291e-35,4.42195958079854e-42
"669",6.68475510822572e-31,1.65609844271347e-25,1.04650139238559e-35,4.70578341564576e-42
"670",1.49973251827308e-30,2.98632997890792e-25,3.08222413069279e-35,1.03582276074615e-41
"671",5.25727140499206e-31,1.14720965275739e-24,2.43390395879043e-35,3.89981954080225e-42
"672",8.38493143202881e-31,1.40513215987148e-24,2.82659969681601e-35,9.89731476471229e-42
"673",3.11425671532295e-30,1.34985495598412e-24,3.58385704240657e-35,9.12725091157086e-41
"674",2.97260437473898e-30,1.09230797391414e-24,3.59633408822815e-35,2.16962153768554e-40
"675",2.90767948884559e-30,1.07768933831066e-24,1.20076892334474e-35,4.37788828147986e-40
"676",3.74345805248354e-30,1.04356420980741e-24,1.1141970275479e-35,4.90575813395007e-40
"677",4.80752594163889e-30,1.17308031290833e-24,1.26871268964592e-35,4.8018689522027e-40
"678",4.52932000400452e-30,1.31860138886105e-24,1.26585631612911e-35,1.32806974577609e-39
"679",3.84470632244214e-30,1.37591945967593e-24,1.92250945018935e-35,1.07405262762656e-39
"680",5.13320757972567e-30,1.41162976379913e-24,2.33612195366731e-35,3.84326202231002e-39
"681",3.24711307539009e-30,1.66363414841597e-24,1.29200972154901e-35,1.53159995148292e-38
"682",2.36070842942851e-30,1.74818649167071e-24,1.58532840527648e-35,1.34839118950728e-38
"683",1.73880575350064e-30,2.0174481098592e-24,1.04094764817903e-35,1.53818060518054e-38
"684",1.55759212268203e-30,1.46602373266681e-24,5.12768155530046e-36,7.86006183028104e-39
"685",1.47883326714558e-30,1.80437257744218e-24,4.27119830027325e-36,1.12768674755727e-38
"686",1.58844006040365e-30,1.67114391513897e-24,4.8751036240392e-36,1.04534338352378e-38
"687",1.18166491881715e-30,2.50670720845021e-24,1.73171666327899e-35,6.70613061004662e-39
"688",9.85502168730548e-31,2.2939474458719e-24,7.18131623386781e-35,7.61347064286748e-39
"689",9.71556127573933e-31,2.17507317777972e-24,6.24805232568464e-35,7.28387555739939e-39
"690",1.18360603074776e-30,1.87508900850809e-24,6.17641288228017e-35,7.00447747300192e-39
"691",1.23937324072349e-30,2.50790896192968e-24,4.67907092684779e-35,5.55793649405488e-39
"692",3.6218801565503e-29,1.74782769091436e-23,4.78590756964854e-34,1.82254645195319e-38
"693",1.06505754596281e-28,3.13531451632499e-23,5.0183678678306e-34,2.66960143029263e-38
"694",9.02070852484235e-29,2.66156648098447e-23,5.62114510110961e-34,2.37721818039389e-38
"695",3.41455050924192e-28,1.58709230125208e-22,2.12668778788454e-33,8.24005450553732e-38
"696",5.73777727263228e-28,1.26911352013345e-22,1.49616647386222e-33,8.86276345672881e-38
"697",8.98338385829666e-28,1.88446686125179e-22,2.73116935169628e-33,2.19777760572434e-37
"698",1.05572964599079e-27,1.4195214498909e-22,1.87218585129974e-33,1.75930047663987e-38
"699",1.25944445940867e-27,1.00237003751815e-22,1.13926637596818e-33,1.89613790956168e-38
"700",1.90937140563084e-27,9.09520618661219e-23,2.19006269558533e-33,2.31020417763884e-38
"701",6.01873762562088e-28,1.19148459891815e-22,3.4518498489641e-34,1.48458168000488e-39
"702",4.73211503274037e-28,1.17590124522026e-22,2.00255149461227e-34,1.17895456230636e-39
"703",2.50549035798646e-28,8.17338715732573e-23,9.53908431686464e-35,6.64105019997091e-40
"704",1.60950892427927e-28,1.02308606419002e-22,2.36931136313002e-34,1.90226667910067e-39
"705",3.62881491616051e-29,7.65986404252252e-23,1.27518149469987e-34,9.04796711625865e-40
"706",2.13299887235118e-29,2.90529208003765e-23,5.68565073462507e-35,2.95054496799805e-40
"707",2.84676027386037e-29,1.41808388850849e-23,1.3967807803502e-34,1.07739752241495e-39
"708",1.77031153570789e-29,7.89755787040552e-24,5.34255816183502e-35,7.45302300511676e-40
"709",1.08711712871731e-28,5.97769279493595e-23,2.61550717195981e-33,9.63502667297898e-38
"710",1.18737393333135e-27,2.66640176480003e-22,8.34064891627153e-33,8.22344949658863e-37
"711",1.17651820501352e-27,3.9936935384364e-22,3.31942855080647e-32,1.26791414971855e-36
"712",1.63837421574714e-27,3.37397417216058e-22,3.37095056204876e-32,1.30300601212051e-36
"713",2.01449499374134e-27,2.89502428039501e-22,6.51042249710991e-32,2.26580999965377e-36
"714",4.91562349251581e-27,5.70696582670803e-22,7.30912578250988e-32,2.01064714323315e-35
"715",4.23683269755174e-27,4.87439567471881e-22,6.63931562437254e-32,1.66795912345593e-35
"716",1.00821056052811e-26,5.0864650989721e-22,5.06081384118462e-32,1.70388216678302e-35
"717",3.38897618783312e-27,6.20023001961124e-22,3.99984953553853e-32,1.9472418161621e-35
"718",4.9407243021848e-27,4.5076593442646e-22,1.03193407593588e-32,9.32652661389158e-36
"719",4.44851708799786e-27,4.27021409342853e-22,9.27763433849438e-33,7.30279792440412e-36
"720",1.79269674631485e-26,3.14382949662064e-22,7.29950799744563e-33,2.06726900627865e-35
"721",1.80912638020733e-26,3.31813865947833e-22,5.369567443909e-33,2.21501603719937e-35
"722",1.25355072224878e-26,3.43701421446321e-22,3.79489098522704e-33,2.20059186085502e-35
"723",1.23768941433874e-26,9.83129834523425e-23,2.14021004946706e-33,9.46044624678545e-36
"724",2.37092859222727e-26,1.17878141047799e-22,3.17709223894365e-32,1.39495033250918e-34
"725",2.33143465952293e-26,1.21830256355714e-22,3.11106386599503e-32,1.71008630171142e-34
